<?xml version="1.0" encoding="UTF-8"?>
<!DOCTYPE suite SYSTEM "http://testng.org/testng-1.0.dtd">
<suite name="test_suite">
    <test name="Groups in Groups">
        <groups>
            <define name="Group 1">
                <include name="Smoke"/>
                <include name="Regression"/>
            </define>
            <run>
                <include name="Group 1"/>
            </run>
        </groups>
        <classes>
            <class name="com.ms.ui.pages"/>
        </classes>
    </test> <!-- Test -->
</suite> <!-- Suite -->