<?xml version="1.0" encoding="UTF-8"?>
<!-- <!DOCTYPE suite SYSTEM "http://testng.org/testng-1.0.dtd"> -->
<suite name="Default Suite">
    <!-- Default Suite -->
    <test name="DemoLogin" thread-count="5">
        <parameter name="browser" value="chrome"></parameter>
        <classes>
           <class name="APITestCases.TC001_SKORE_CreateContract"/>
           <class name="APITestCases.TC002_S4_CreateContract"/>
            <class name="APITestCases.TC003_ECC_CreateContract"/>
             <class name="APITestCases.TC004_NegativeScenarios"/>
                <class name="APITestCases.TC005_Pluto_CreateContract"/>
        </classes>
    </test>
    <!-- MS_WebUI_Automation-Multilingual -->
</suite>